#lineage	position	gene_coord	allele_change	codon_number	codon_change	aa_change	locus_id	gene_name	notes
1.2.2.1	61842	1447	T/C	483		L/L	Rv0058	dnaB	
1.2.1	3479545	375	C/A	125		A/A	Rv3111	moaC	
1.1.1.2	1491275	1038	G/A	346		H/H	Rv1326c	glgB	
1.2.1.1.2	405404	438	C/T	146		R/R	Rv0338c	-	
1.1.1.1	3021283	711	G/A	237		R/R	Rv2707	-	
1.1	4404247	1056	G/A	352		L/L	Rv3915	-	
1.2.2	3470377	303	C/T	101		Q/Q	Rv3101c	ftsX	
1.1.2	2622402	51	G/A	17		A/A	Rv2343c	dnaG	
1.2.1.1.1	2737201	1047	A/C	349		S/S	Rv2439c	proB	
1.2.1.1	16526	945	C/T	315		Q/Q	Rv0014c	pknB	
1.2.2.2	1237815	378	G/A	126		G/G	Rv1111c	-	
1.1.1	15177	264	C/G	88		A/A	Rv0013	trpG	
1.1.1.2.i1	3389975	54	T/C	18		T/T	Rv3031	-	
3.1.1.i1.i1.2	24407	1038	C/T	346		P/P	Rv0020c	-	
3.1.1	635139	366	G/C	122		G/G	Rv0542c	menE	
3.2.2	16727	744	G/A	248		D/D	Rv0014c	pknB	
3.1	4044872	339	G/A	113		G/G	Rv3602c	panC	
3.1.1.i2	1914217	616	C/A	206		R/R	Rv1689	tyrS	
3.1.1.i1.i1	1591545	1149	G/T	383		P/P	Rv1415	ribA2	
3.1.1.i1	4272744	732	G/A	244		T/T	Rv3809c	glf	
3.1.1.i3.2	4405643	849	C/T	283		Q/Q	Rv3917c	parB	
3.1.1.i3	645011	522	C/T	174		L/L	Rv0553	menC	
3.2.1	352268	120	C/T	40		A/A	Rv0289	-	
3.1.2	17842	921	G/C	307		A/A	Rv0015c	pknA	
3.2	63850	651	T/C	217		G/G	Rv0059	-	non-essential?
2.2.1.1	441823	477	C/T	159		E/E	Rv0363c	fba	
2.2.1	797736	804	C/T	268		L/L	Rv0697	-	
2.2.2	346693	1059	G/T	353		S/S	Rv0284	-	
2.2.1.2	649844	156	C/T	52		G/G	Rv0558	menH	
2.2.1.1.1	1924008	180	G/A	60		P/P	Rv1699	pyrG	
2.2	2505085	615	G/A	205		A/A	Rv2231c	cobC	
2.2.1.1.2	4153340	144	G/A	48		D/D	Rv3709c	ask	
2.1	1881090	5787	C/T	1929	GGC/GGT	G/G	Rv1661	pks7	coll
4.1.i1.1	3147742		A/G						
4.2.2.2.1	783601		A/C						
4.2.1.2.1.1.i1.1.1	764995		C/G						
4.2.1.1.1.2	18091		G/A						
4.2.2.1	353766		T/C						
4.2.2.2	783601		A/C						
4.2.1.2.1.1.i1.1.1.2.2	2858835		G/A						
4.2.1.1.1.1.i1	1130526		G/A						
4.2.1.2.1.1.i1.1.1.2	2077253		G/A						
4.2.1.2.1.1.i1.1.2	488778		C/T						
4.2.1.2.2.1.2	342201		C/G						
4.2.1.2.1	2621058		G/A						
4.1.i1.2.1.i1	1553633		T/C						
4.2.1.2.1.1.i1.1.1.1.i1	1297327		G/A						
4.2.1.2.2.2	45073		G/A						
4.2.1.2	2621058		G/A						
4.1.i1.1.1	917905		C/A						
4.2.1.2.1.1.i1.1.1.2.1	2077253		G/A						
4.2.1.2.2	4238963		C/T						
4.2.1.1.1.2.2	18091		G/A						
4.1.i2.1	354157		C/T						
4.1.i1.2	501615		C/G						
4.2.1.2.2.1.1	355181		G/A						
4.2.1.2.1.1	2621058		G/A						
4.1.i2	441793		C/T						
4.2.1.1.1.1.i1.1	1130526		G/A						
4.2.1.2.1.1.i1.1.1.1.i1.1	784440		G/T						
4.1.i1	62657		G/A						
4.2.2.1.i1.2	353766		T/C						
4.2.1.1.1.2.2.1	4155050		G/A						
4.2.2.1.i1	353766		T/C						
4.1.i1.1.2	2847994		G/A						
4.1.i1.1.1.2	17225		C/G						
4.2.1.1.1.2.1	18091		G/A						
4.1.i1.2.2	1672360		C/G						
4.1.i1.2.1	501615		C/G						
4.2.1.1.1.2.2.2	346486		C/T						
4.2.1.2.1.1.i1	764995		C/G						
4.2.2	1237536		C/G						
4.1	62657		G/A						
4.1.i1.2.1.i1.1	1553633		T/C						
4.2.2.1.i1.1	4409602		C/T						
4.2.2.2.2	870187		C/T						
4.1.i1.1.1.1	917905		C/A						
4.1.i2.2	64325		G/A						
4.2.1.2.1.2	1063250		A/G						
4.2.1.2.1.1.i1.1.1.1.i1.2	1297327		G/A						
4.2.1.2.1.1.i1.2	3414791		G/C						
4.2.1.2.1.1.i1.1.1.1	764995		C/G						
4.2.1.1.2	4152890		G/A						
4.1.i1.2.1.i1.2	1006080		G/A						
4.2.1.2.2.1	2905505		G/A						
4.2.1.2.1.1.i1.1	764995		C/G						
